source_dataset,old_class_id,old_class_name,final_class_id,final_class_name
sofa_v3,0,back_cushion,0,back_cushion
sofa_v3,1,base,1,base
sofa_v3,2,left_arm,2,left_arm
sofa_v3,3,legs,3,legs
sofa_v3,4,right_arm,4,right_arm
sofa_v3,5,seat_cushion,5,seat_cushion
sofa_v3,6,stallion-sofa1,6,stallion-sofa
sofa_v2_component,0,back_cushion,0,back_cushion
sofa_v2_component,1,base,1,base
sofa_v2_component,2,left_arm,2,left_arm
sofa_v2_component,3,legs,3,legs
sofa_v2_component,4,right_arm,4,right_arm
sofa_v2_component,5,seat_cushion,5,seat_cushion
sofa_v2_component,6,stallion-sofa2,6,stallion-sofa
sofa_v2_old,0,back_cushion,0,back_cushion
sofa_v2_old,1,left_arm,2,left_arm
sofa_v2_old,2,legs,3,legs
sofa_v2_old,3,right_arm,4,right_arm
sofa_v2_old,4,seat_cushion,5,seat_cushion
sofa_v2_old,5,stallion-sofa,6,stallion-sofa
