final_split,final_image,final_label,width,height,source_dataset,source_split,source_image,source_label,source_id,sha256,objects,bbox_to_polygon_conversions,duplicate_removed
train,stallion_000001.jpg,stallion_000001.txt,640,640,sofa_v3,train,istockphoto-1077097808-1024x1024_jpg.rf.549d626f97d008f372167a8475213cca.jpg,train/labels/istockphoto-1077097808-1024x1024_jpg.rf.549d626f97d008f372167a8475213cca.txt,1077097808,df14f0da6c27df6704cc2bc0f9ccb722f856acf86eb3ef642b28fec447a4b088,5,0,no
train,stallion_000002.jpg,stallion_000002.txt,640,640,sofa_v3,train,istockphoto-909617440-1024x1024_jpg.rf.83f4694ef219f25fd620de08636479dd.jpg,train/labels/istockphoto-909617440-1024x1024_jpg.rf.83f4694ef219f25fd620de08636479dd.txt,909617440,d4ae5c0d9febd5def4f193bced91ee23633dd253ffacc9a7635b954049b8c21d,8,0,no
train,stallion_000003.jpg,stallion_000003.txt,640,640,sofa_v3,train,istockphoto-136216074-1024x1024_jpg.rf.ee2af836038d48b40c26b4cc440b230a.jpg,train/labels/istockphoto-136216074-1024x1024_jpg.rf.ee2af836038d48b40c26b4cc440b230a.txt,136216074,d1b6e634beb18c5255d9a63fdd3450a020495f4455582fd10881de6602631228,7,0,no
train,stallion_000004.jpg,stallion_000004.txt,640,640,sofa_v2_old,train,582_jpg.rf.b1b6ff74921e99ebc06ac2946bcae946.jpg,train/labels/582_jpg.rf.b1b6ff74921e99ebc06ac2946bcae946.txt,582_jpg.rf.b1b6ff74921e99ebc06ac2946bcae946,12bb47deb32c83bd9e20170c5c33064614a7c0ad45be68e28d993000ea21e686,9,0,no
train,stallion_000005.jpg,stallion_000005.txt,640,640,sofa_v2_old,train,343_jpg.rf.b99e82466b946cbcd5a7ecf9b5ba9524.jpg,train/labels/343_jpg.rf.b99e82466b946cbcd5a7ecf9b5ba9524.txt,343_jpg.rf.b99e82466b946cbcd5a7ecf9b5ba9524,0b4b19aaafab046615f44b722dcccbc4f18bb4e189123a8459c0dbd9a55114b9,12,0,no
train,stallion_000006.jpg,stallion_000006.txt,512,512,sofa_v2_component,train,istockphoto-2158156811-1024x1024_jpg.rf.48b55918d6ce22aff0bd1226c9c47c8c.jpg,train/labels/istockphoto-2158156811-1024x1024_jpg.rf.48b55918d6ce22aff0bd1226c9c47c8c.txt,2158156811,74abfdcb7c9a1db08f001f7cf3ffbde8f766708b04bec276efedfa8a38cf4552,8,0,no
train,stallion_000007.jpg,stallion_000007.txt,640,640,sofa_v3,train,istockphoto-1457863250-1024x1024_jpg.rf.fdec4b409e5f732aa5f512a930a21cf4.jpg,train/labels/istockphoto-1457863250-1024x1024_jpg.rf.fdec4b409e5f732aa5f512a930a21cf4.txt,1457863250,292bf9b47cc197dd2e0c2d5be8283b8602a05580248a4e3468ca803b01798a84,7,0,no
train,stallion_000008.jpg,stallion_000008.txt,640,640,sofa_v3,train,istockphoto-176979396-1024x1024-1-_jpg.rf.c5d6870ec9d1df2ab4316651889fb5d5.jpg,train/labels/istockphoto-176979396-1024x1024-1-_jpg.rf.c5d6870ec9d1df2ab4316651889fb5d5.txt,176979396,3d95f541b472d03fe00287c5a6de717fbc51497a5c6bb8a73a07b7300fd90a17,7,0,no
train,stallion_000009.jpg,stallion_000009.txt,640,640,sofa_v3,train,istockphoto-2170116379-1024x1024-1-_jpg.rf.a48f4619a7bd68357ec943db0e190ab5.jpg,train/labels/istockphoto-2170116379-1024x1024-1-_jpg.rf.a48f4619a7bd68357ec943db0e190ab5.txt,2170116379,8c2d50db8b0246fe67654c0aa135074c8ada456942ebc58f09e3bae74e21f576,6,0,no
train,stallion_000010.jpg,stallion_000010.txt,640,640,sofa_v2_old,train,963_jpg.rf.1fbdfb2f6cfe2882b4751f17347834c5.jpg,train/labels/963_jpg.rf.1fbdfb2f6cfe2882b4751f17347834c5.txt,963_jpg.rf.1fbdfb2f6cfe2882b4751f17347834c5,e66e352b8a72421b7095f3c6bcae90d04a852b281148fcea0fc5c0a71a85575f,11,0,no
train,stallion_000011.jpg,stallion_000011.txt,640,640,sofa_v2_old,train,1185_jpg.rf.b620c26b1fda614a6808912fab5d0802.jpg,train/labels/1185_jpg.rf.b620c26b1fda614a6808912fab5d0802.txt,1185_jpg.rf.b620c26b1fda614a6808912fab5d0802,75422fe8dfb01f7eda104f7cb97f47b6c8863addee008a8985af141d91eea2d7,8,0,no
train,stallion_000012.jpg,stallion_000012.txt,640,640,sofa_v3,train,istockphoto-1163469809-1024x1024_jpg.rf.fa5ecacfbd83815a184a2529cc709915.jpg,train/labels/istockphoto-1163469809-1024x1024_jpg.rf.fa5ecacfbd83815a184a2529cc709915.txt,1163469809,d2218724c51ccf568012262bf1100bbf1d37bd18f12f323cad0f5c49eaa8ff57,8,7,no
train,stallion_000013.jpg,stallion_000013.txt,512,512,sofa_v2_component,train,istockphoto-1251140718-1024x1024_jpg.rf.9c04366fd889dbafd46a847870bdef0a.jpg,train/labels/istockphoto-1251140718-1024x1024_jpg.rf.9c04366fd889dbafd46a847870bdef0a.txt,1251140718,5d76affb03f41f46e79e2e9eb37dc60fe724f6971eaa9b59e1c4581507b57e4a,10,0,no
train,stallion_000014.jpg,stallion_000014.txt,640,640,sofa_v3,train,istockphoto-2167567184-1024x1024_jpg.rf.bc2abef228e3e883d1c36552bafa6c98.jpg,train/labels/istockphoto-2167567184-1024x1024_jpg.rf.bc2abef228e3e883d1c36552bafa6c98.txt,2167567184,ba85661bf028f5c6ee22d094934b6a36d7d1df4232daf60d3538a70a9a45c23e,9,0,no
train,stallion_000015.jpg,stallion_000015.txt,640,640,sofa_v2_old,train,488_jpg.rf.61e46191df810d98d85146ee7f79b237.jpg,train/labels/488_jpg.rf.61e46191df810d98d85146ee7f79b237.txt,488_jpg.rf.61e46191df810d98d85146ee7f79b237,9cac882f19e238805a410a4bd0b7e5605909f83e85afabed01af6763fea977e1,10,0,no
train,stallion_000016.jpg,stallion_000016.txt,640,640,sofa_v3,train,istockphoto-120848732-1024x1024_jpg.rf.9b54ad731dafeb45caa6f419f9bb55af.jpg,train/labels/istockphoto-120848732-1024x1024_jpg.rf.9b54ad731dafeb45caa6f419f9bb55af.txt,120848732,712c61f69c30cc55af323af47d4784f3ed608577d25a0afb413b91e913cd21d8,10,0,no
train,stallion_000017.jpg,stallion_000017.txt,640,640,sofa_v3,train,istockphoto-517660026-1024x1024-1-_jpg.rf.2cef3ffbbc2fcdf9779a9a68f66b368a.jpg,train/labels/istockphoto-517660026-1024x1024-1-_jpg.rf.2cef3ffbbc2fcdf9779a9a68f66b368a.txt,517660026,1fd1f75f979f27cf30d3c5ac9ca9db2d3a98a63c8746da1e23d83e7316393d33,10,0,no
train,stallion_000018.jpg,stallion_000018.txt,640,640,sofa_v3,train,istockphoto-2158309177-1024x1024_jpg.rf.5d6b21acf112439ca951478717f5ea4a.jpg,train/labels/istockphoto-2158309177-1024x1024_jpg.rf.5d6b21acf112439ca951478717f5ea4a.txt,2158309177,2d293269a744e2e31d69a47ecd85b99f8d3252ff720a7c77dccfc27946514dcb,11,0,no
train,stallion_000019.jpg,stallion_000019.txt,640,640,sofa_v2_old,train,1008_jpg.rf.b6039d9ee4275cb6490d3f12f11bcc8d.jpg,train/labels/1008_jpg.rf.b6039d9ee4275cb6490d3f12f11bcc8d.txt,1008_jpg.rf.b6039d9ee4275cb6490d3f12f11bcc8d,49aac9f8275e0afcc9ff3becece657a5170d6219139682e4843b10fb031e0bcf,8,0,no
train,stallion_000020.jpg,stallion_000020.txt,640,640,sofa_v2_old,train,1479_jpg.rf.d12e54bbb2e515f93754d209ad271f61.jpg,train/labels/1479_jpg.rf.d12e54bbb2e515f93754d209ad271f61.txt,1479_jpg.rf.d12e54bbb2e515f93754d209ad271f61,d84ec37933646ac53ab0086cd5a864387ad0a68a08f3e42a09538de70d962011,8,0,no
train,stallion_000021.jpg,stallion_000021.txt,512,512,sofa_v2_component,train,creativesnapshot-home-9251057_1920_jpg.rf.215257c7a25a78e3cf17e6354c631ddd.jpg,train/labels/creativesnapshot-home-9251057_1920_jpg.rf.215257c7a25a78e3cf17e6354c631ddd.txt,creativesnapshot-home-9251057_1920_jpg.rf.215257c7a25a78e3cf17e6354c631ddd,e76ef56534e04e0d66046e6bdb4ca21e0ba11fb95d83d8290b652553fdc9f8fb,6,0,no
train,stallion_000022.jpg,stallion_000022.txt,640,640,sofa_v2_old,train,1267_jpg.rf.989635aadda5108b5d4ac6a6220a0abf.jpg,train/labels/1267_jpg.rf.989635aadda5108b5d4ac6a6220a0abf.txt,1267_jpg.rf.989635aadda5108b5d4ac6a6220a0abf,eff231eea6db2ac3b1ae0a9ce5d504080c4ef7427457930de437a229d306d84f,8,0,no
train,stallion_000023.jpg,stallion_000023.txt,512,512,sofa_v2_component,train,istockphoto-692877192-1024x1024_jpg.rf.a5df8ca14e18458bae36f3a8e24c4ff8.jpg,train/labels/istockphoto-692877192-1024x1024_jpg.rf.a5df8ca14e18458bae36f3a8e24c4ff8.txt,692877192,eefcbffc761644d7a45c56dc1306f28b302b780bab89b3285d28e4c88657355c,7,0,no
train,stallion_000024.jpg,stallion_000024.txt,512,512,sofa_v2_component,train,istockphoto-1227523866-1024x1024_jpg.rf.54f06358ee2a7da02e981c6fc85a6969.jpg,train/labels/istockphoto-1227523866-1024x1024_jpg.rf.54f06358ee2a7da02e981c6fc85a6969.txt,1227523866,44239acf24ea6ebce3a976bfabcdc214f620830dcd997415dc6ba17e2a9ffd9d,5,0,no
train,stallion_000025.jpg,stallion_000025.txt,640,640,sofa_v2_old,train,1338_jpg.rf.ef5936b55d9ad11df389a5206f97d608.jpg,train/labels/1338_jpg.rf.ef5936b55d9ad11df389a5206f97d608.txt,1338_jpg.rf.ef5936b55d9ad11df389a5206f97d608,b25494bf9764cf82610e0676dc1140e82bd1417b6f6b0e1062eece81536de402,8,0,no
train,stallion_000026.jpg,stallion_000026.txt,640,640,sofa_v3,train,istockphoto-1338585338-1024x1024_jpg.rf.fd14c33342d77b2f2c7ccb2890c0f2ee.jpg,train/labels/istockphoto-1338585338-1024x1024_jpg.rf.fd14c33342d77b2f2c7ccb2890c0f2ee.txt,1338585338,b1eccc9020512790f55bd84ab41edf2b9c0db6844ce8796fbd45e8d04f683646,6,0,no
train,stallion_000027.jpg,stallion_000027.txt,640,640,sofa_v3,train,istockphoto-949607108-1024x1024_jpg.rf.8baaae1c9a96489381438589d5d00bad.jpg,train/labels/istockphoto-949607108-1024x1024_jpg.rf.8baaae1c9a96489381438589d5d00bad.txt,949607108,7edf874c2f888981eeb6fe48a0abee1f910cf1629398651fa28675b74cc9c93d,10,0,no
train,stallion_000028.jpg,stallion_000028.txt,512,512,sofa_v2_component,train,istockphoto-1249679414-1024x1024_jpg.rf.01962e50be5bb486a89c25199e02f16e.jpg,train/labels/istockphoto-1249679414-1024x1024_jpg.rf.01962e50be5bb486a89c25199e02f16e.txt,1249679414,e42e3577da889c10aae1a7df54bd461bdcdda4641b39ee38cb51fa56ca74beac,9,0,no
train,stallion_000029.jpg,stallion_000029.txt,640,640,sofa_v2_old,train,947_jpg.rf.74cf3742ddaf90229d7ef15de6a5fe2e.jpg,train/labels/947_jpg.rf.74cf3742ddaf90229d7ef15de6a5fe2e.txt,947_jpg.rf.74cf3742ddaf90229d7ef15de6a5fe2e,ec6169bd15f95c5e79bec58002a6da28a7f41c33a712b4e9451b226a10084ab1,10,0,no
train,stallion_000030.jpg,stallion_000030.txt,640,640,sofa_v2_old,train,616_jpg.rf.11d0d1d999a4e0462a4ff77b07bd897d.jpg,train/labels/616_jpg.rf.11d0d1d999a4e0462a4ff77b07bd897d.txt,616_jpg.rf.11d0d1d999a4e0462a4ff77b07bd897d,16f2823bfc74ef515e2fb74984ebae4daeb3fc68eab91b25aecee8bf40586e24,8,0,no
train,stallion_000031.jpg,stallion_000031.txt,640,640,sofa_v2_old,train,487_jpg.rf.1c3b79e84020ee591106d197b699b5b8.jpg,train/labels/487_jpg.rf.1c3b79e84020ee591106d197b699b5b8.txt,487_jpg.rf.1c3b79e84020ee591106d197b699b5b8,d7bd77db8c253c0ae204a68a265682e588b56c3b903c4feb230b198f38673f6c,8,0,no
train,stallion_000032.jpg,stallion_000032.txt,640,640,sofa_v2_old,train,972_jpg.rf.6b364b831f4adc629b5bd7c570928004.jpg,train/labels/972_jpg.rf.6b364b831f4adc629b5bd7c570928004.txt,972_jpg.rf.6b364b831f4adc629b5bd7c570928004,1cce5af6ec07ca45d7ac112bab6898481c60d9f3e1f608cfb8dfdd25a7132152,8,0,no
train,stallion_000033.jpg,stallion_000033.txt,640,640,sofa_v2_old,train,1496_jpg.rf.21ab4e83b5aef4fd2f67a3c0e26c8458.jpg,train/labels/1496_jpg.rf.21ab4e83b5aef4fd2f67a3c0e26c8458.txt,1496_jpg.rf.21ab4e83b5aef4fd2f67a3c0e26c8458,bfa796b43ae6a0b3e74f688a16a3e736409149ef05a25c7a2d060103ff59ddae,9,0,no
train,stallion_000034.jpg,stallion_000034.txt,640,640,sofa_v2_old,train,591_jpg.rf.21e6d47eed99ca43859ff9767d5f14c6.jpg,train/labels/591_jpg.rf.21e6d47eed99ca43859ff9767d5f14c6.txt,591_jpg.rf.21e6d47eed99ca43859ff9767d5f14c6,f13f9176dd8ca73cb7a65ac4a224d8599fe57bf8d22ff677199277d50596887f,9,0,no
train,stallion_000035.jpg,stallion_000035.txt,640,640,sofa_v2_old,train,505_jpg.rf.82b49fe4677b6be7dd4732abbcbb8864.jpg,train/labels/505_jpg.rf.82b49fe4677b6be7dd4732abbcbb8864.txt,505_jpg.rf.82b49fe4677b6be7dd4732abbcbb8864,6171b202d56b2a19e78df05ab69b42d7f62478d171531cd7e9c24ec402d3553b,8,0,no
train,stallion_000036.jpg,stallion_000036.txt,640,640,sofa_v3,train,istockphoto-1187567745-1024x1024_jpg.rf.59e64dda8eca210e037b42670fdd1936.jpg,train/labels/istockphoto-1187567745-1024x1024_jpg.rf.59e64dda8eca210e037b42670fdd1936.txt,1187567745,76d7cccd509c80126189ba268b58b34028780151c628ca02dd59a5d0af7baca9,7,0,no
train,stallion_000037.jpg,stallion_000037.txt,512,512,sofa_v2_component,train,istockphoto-692877304-1024x1024-1-_jpg.rf.549d0ee5ef6e26b45a564448c508a32b.jpg,train/labels/istockphoto-692877304-1024x1024-1-_jpg.rf.549d0ee5ef6e26b45a564448c508a32b.txt,692877304,791d92a8ff9148e2f21894846c576a11fa25416e032ed4163f779b9c877acfda,5,0,no
train,stallion_000038.jpg,stallion_000038.txt,640,640,sofa_v2_old,train,99_jpg.rf.5eeaf960ede36fb14226a3e67de09e6e.jpg,train/labels/99_jpg.rf.5eeaf960ede36fb14226a3e67de09e6e.txt,99_jpg.rf.5eeaf960ede36fb14226a3e67de09e6e,cc49be296ef44f5a4907fd8724a745ee0b3ad0a000484a37da609fa1726946fe,13,0,no
train,stallion_000039.jpg,stallion_000039.txt,640,640,sofa_v2_old,train,964_jpg.rf.b8ca79a9553e6992e5e053666a98543b.jpg,train/labels/964_jpg.rf.b8ca79a9553e6992e5e053666a98543b.txt,964_jpg.rf.b8ca79a9553e6992e5e053666a98543b,ead5c75a3fcdea5fd53fb04472e6f45dd6015a7dbb81c0b8a18a60320867070a,11,0,no
train,stallion_000040.jpg,stallion_000040.txt,640,640,sofa_v3,train,istockphoto-1457863262-1024x1024_jpg.rf.b7b17b698b9a4d5ed59eeb4b8e82fce6.jpg,train/labels/istockphoto-1457863262-1024x1024_jpg.rf.b7b17b698b9a4d5ed59eeb4b8e82fce6.txt,1457863262,3945c2e652f131461ba80ccc81b6b0b21a94c55b70d684e749d5bb5023dd3d44,8,0,no
train,stallion_000041.jpg,stallion_000041.txt,640,640,sofa_v2_old,train,886_jpg.rf.6f646dcfa0ba8d6436b7d5b37b133fa1.jpg,train/labels/886_jpg.rf.6f646dcfa0ba8d6436b7d5b37b133fa1.txt,886_jpg.rf.6f646dcfa0ba8d6436b7d5b37b133fa1,03a56e074a95ae0a73c4b03ad6810ccbc82ae45a90eff34ec2ce4289d504f23a,9,0,no
train,stallion_000042.jpg,stallion_000042.txt,640,640,sofa_v3,train,istockphoto-475641777-1024x1024_jpg.rf.864ef031b5f3ed1f37818c7a54c049d7.jpg,train/labels/istockphoto-475641777-1024x1024_jpg.rf.864ef031b5f3ed1f37818c7a54c049d7.txt,475641777,0ec1711c529547258ee2f81a2aa69de1619e69c99d90d4c691acc355a93a58f6,7,0,no
train,stallion_000043.jpg,stallion_000043.txt,640,640,sofa_v3,train,istockphoto-832544554-1024x1024_jpg.rf.a0b7abfb63a6ab36384fa47d1c431df4.jpg,train/labels/istockphoto-832544554-1024x1024_jpg.rf.a0b7abfb63a6ab36384fa47d1c431df4.txt,832544554,bd07b71de89ea508fc190539f90ad7a799bcaa6f12db5a8f7c7955132db9fd17,6,0,no
train,stallion_000044.jpg,stallion_000044.txt,512,512,sofa_v2_component,train,istockphoto-875575024-1024x1024_jpg.rf.7c857ca051ba74c87671cd218b10306f.jpg,train/labels/istockphoto-875575024-1024x1024_jpg.rf.7c857ca051ba74c87671cd218b10306f.txt,875575024,57036f57e7c216fcda59cd544074e350ce01e4264a199b9649334752f1b26a72,8,0,no
train,stallion_000045.jpg,stallion_000045.txt,512,512,sofa_v2_component,train,istockphoto-1138836251-1024x1024_jpg.rf.30b5702b8bae8337c6dbd649517052dc.jpg,train/labels/istockphoto-1138836251-1024x1024_jpg.rf.30b5702b8bae8337c6dbd649517052dc.txt,1138836251,b483d278fbbf7e80a262f62deb60919c631452e5ba8a74d545c9597fda6011dd,6,0,no
train,stallion_000046.jpg,stallion_000046.txt,640,640,sofa_v3,train,istockphoto-517659226-1024x1024_jpg.rf.a75d8dcd754045a94c501fc5d2ba38e0.jpg,train/labels/istockphoto-517659226-1024x1024_jpg.rf.a75d8dcd754045a94c501fc5d2ba38e0.txt,517659226,9872332cfdea01e12c6a0212ac2146bece9eb9e105d827316b092c574dda9fc5,11,0,no
train,stallion_000047.jpg,stallion_000047.txt,640,640,sofa_v3,train,istockphoto-104452137-1024x1024_jpg.rf.8a1ace7621b0f3fef9a2e9eb1bda72b9.jpg,train/labels/istockphoto-104452137-1024x1024_jpg.rf.8a1ace7621b0f3fef9a2e9eb1bda72b9.txt,104452137,84f8e1deaefc2998fb64a6d72e84ea1b8be92f028b0a4863cfcc90be9e723a4c,10,0,no
train,stallion_000048.jpg,stallion_000048.txt,640,640,sofa_v2_old,train,953_jpg.rf.ef7bb2198480c82079d8e10c44ff2a8b.jpg,train/labels/953_jpg.rf.ef7bb2198480c82079d8e10c44ff2a8b.txt,953_jpg.rf.ef7bb2198480c82079d8e10c44ff2a8b,e88f63c0073343d8b49e494280fc1ab6b5c47991b4f44f0fc0dab3bb5a377d0e,9,0,no
train,stallion_000049.jpg,stallion_000049.txt,640,640,sofa_v3,train,istockphoto-949607104-1024x1024_jpg.rf.dce493c1d4d4aae8229197dc95298d38.jpg,train/labels/istockphoto-949607104-1024x1024_jpg.rf.dce493c1d4d4aae8229197dc95298d38.txt,949607104,9e52f38b4b96aab12a6f03a191172651b2eeb56088313a2cf016822e3cb847c5,8,0,no
train,stallion_000050.jpg,stallion_000050.txt,640,640,sofa_v2_old,train,346_jpg.rf.3bd8749a2108f4ceae960b68d1fd2597.jpg,train/labels/346_jpg.rf.3bd8749a2108f4ceae960b68d1fd2597.txt,346_jpg.rf.3bd8749a2108f4ceae960b68d1fd2597,086d9222875d56329c5225b6027099be4b39c09be5b555518c93676143cc73b5,9,0,no
train,stallion_000051.jpg,stallion_000051.txt,512,512,sofa_v2_component,train,istockphoto-1027277356-1024x1024_jpg.rf.37b6352d499ecd6dae378b372a34febb.jpg,train/labels/istockphoto-1027277356-1024x1024_jpg.rf.37b6352d499ecd6dae378b372a34febb.txt,1027277356,7d5a8372b31dfd78d42bf022b373f920eabd38dab19c9c4b28d4fdb04b9ea8a6,11,0,no
train,stallion_000052.jpg,stallion_000052.txt,640,640,sofa_v3,train,istockphoto-475726603-1024x1024_jpg.rf.9c461e58452eb72c545520493b97f2ea.jpg,train/labels/istockphoto-475726603-1024x1024_jpg.rf.9c461e58452eb72c545520493b97f2ea.txt,475726603,e964fd6a49a44b608bc4154f36de0dd3a6a8d8d382a2bbd1750dfc16c8998f58,6,0,no
train,stallion_000053.jpg,stallion_000053.txt,640,640,sofa_v3,train,istockphoto-1125438100-1024x1024_jpg.rf.e33e9998e80b63f2e606bbeda0b84d28.jpg,train/labels/istockphoto-1125438100-1024x1024_jpg.rf.e33e9998e80b63f2e606bbeda0b84d28.txt,1125438100,872852c6354c5f165acafbe200ce7dd136fa5e99a456bd1dca22ba7f1126be08,12,0,no
train,stallion_000054.jpg,stallion_000054.txt,640,640,sofa_v3,train,istockphoto-2163252292-1024x1024_jpg.rf.929f0dc74f2f885035fd021e2e43dc6d.jpg,train/labels/istockphoto-2163252292-1024x1024_jpg.rf.929f0dc74f2f885035fd021e2e43dc6d.txt,2163252292,c45e9f6ad1d4926b1ddda6a15d03985d212e44d591633eb4ef18ee80687a96b1,8,0,no
train,stallion_000055.jpg,stallion_000055.txt,640,640,sofa_v2_old,train,1417_jpg.rf.2c82fe0259fd515e6969eb827a314bb7.jpg,train/labels/1417_jpg.rf.2c82fe0259fd515e6969eb827a314bb7.txt,1417_jpg.rf.2c82fe0259fd515e6969eb827a314bb7,127a986c64a91ac326e348db4883c2497cdfe994d1478873d3642ae6a8d592b3,10,0,no
train,stallion_000056.jpg,stallion_000056.txt,512,512,sofa_v2_component,train,istockphoto-697816888-1024x1024_jpg.rf.c5bfed877847cdba72a004533a3e6419.jpg,train/labels/istockphoto-697816888-1024x1024_jpg.rf.c5bfed877847cdba72a004533a3e6419.txt,697816888,11399b641647abc3be2cfec11ef215c79980288abe44d9ada044a78397dd78b5,10,0,no
train,stallion_000057.jpg,stallion_000057.txt,640,640,sofa_v2_old,train,832_jpg.rf.7ff16c2c1c0b6b7b42e2b91a8a5c9dce.jpg,train/labels/832_jpg.rf.7ff16c2c1c0b6b7b42e2b91a8a5c9dce.txt,832_jpg.rf.7ff16c2c1c0b6b7b42e2b91a8a5c9dce,9fa3c269264dd43d1dae264c45d1f1961f4edc7338cc1e6c2dce6b0596700c1b,10,0,no
train,stallion_000058.jpg,stallion_000058.txt,640,640,sofa_v2_old,train,850_jpg.rf.2a006af4b696bdeba94f4ea9e396fb3f.jpg,train/labels/850_jpg.rf.2a006af4b696bdeba94f4ea9e396fb3f.txt,850_jpg.rf.2a006af4b696bdeba94f4ea9e396fb3f,79c7db6f6844490625901a16ceaf3215b721fb28825efcb7c975ed6dd63779e0,9,0,no
train,stallion_000059.jpg,stallion_000059.txt,640,640,sofa_v2_old,train,196_jpg.rf.a01829154f4a019190e986f770301e16.jpg,train/labels/196_jpg.rf.a01829154f4a019190e986f770301e16.txt,196_jpg.rf.a01829154f4a019190e986f770301e16,7cb3ff5429e76989f7757eba2ebad6f9f3ef712b7c7a583e78b4dc1c8de13489,10,0,no
train,stallion_000060.jpg,stallion_000060.txt,640,640,sofa_v2_old,train,237_jpg.rf.1d9ec05276e17d780058ae1563f5a556.jpg,train/labels/237_jpg.rf.1d9ec05276e17d780058ae1563f5a556.txt,237_jpg.rf.1d9ec05276e17d780058ae1563f5a556,e0e0f7c31bf9a84725a78058c2e2657a2f7441c456354456593b790fa2ef04e9,5,0,no
train,stallion_000061.jpg,stallion_000061.txt,640,640,sofa_v3,train,istockphoto-157690198-1024x1024_jpg.rf.39fd8f6214d4b21aa92f0fac0c879f90.jpg,train/labels/istockphoto-157690198-1024x1024_jpg.rf.39fd8f6214d4b21aa92f0fac0c879f90.txt,157690198,def8b9308d2bac7fb9fca0b1985340c657233b3cc8e7d71b8305c79212353fe5,7,0,no
train,stallion_000062.jpg,stallion_000062.txt,512,512,sofa_v2_component,train,istockphoto-2171051626-1024x1024_jpg.rf.13a74a0711b33f319a6f6be981ae12f6.jpg,train/labels/istockphoto-2171051626-1024x1024_jpg.rf.13a74a0711b33f319a6f6be981ae12f6.txt,2171051626,44670f359349a334904988ba874b3c7c85a0f2898880d0bf0e67d0af19d09b86,12,0,no
train,stallion_000063.jpg,stallion_000063.txt,640,640,sofa_v3,train,istockphoto-1251531600-1024x1024_jpg.rf.935220a8a958ac0e523dc9cdd6286164.jpg,train/labels/istockphoto-1251531600-1024x1024_jpg.rf.935220a8a958ac0e523dc9cdd6286164.txt,1251531600,cd9b6cff377a98ac4af1a7d9c1f8def50677c316c2159413460aa6a159ac63d3,6,0,no
train,stallion_000064.jpg,stallion_000064.txt,512,512,sofa_v2_component,train,istockphoto-1307055005-1024x1024_jpg.rf.daac4535bf0ef7774074fa161fc6264b.jpg,train/labels/istockphoto-1307055005-1024x1024_jpg.rf.daac4535bf0ef7774074fa161fc6264b.txt,1307055005,4c11216ba0f2295fc30fb0149e16c13334923eb9c944ccb86fa18e8f727fc022,10,0,no
train,stallion_000065.jpg,stallion_000065.txt,640,640,sofa_v3,train,istockphoto-1152435090-1024x1024_jpg.rf.2f98e8bb679d4419b17220afdf571c48.jpg,train/labels/istockphoto-1152435090-1024x1024_jpg.rf.2f98e8bb679d4419b17220afdf571c48.txt,1152435090,f951a3352e7aed5cdf023391874ff1ff53c2f9e59ff7b7d04cdd424a682bb0bd,6,0,no
train,stallion_000066.jpg,stallion_000066.txt,512,512,sofa_v2_component,train,istockphoto-2155839401-1024x1024-1-_jpg.rf.af24089ba86b331829a4600362e97b97.jpg,train/labels/istockphoto-2155839401-1024x1024-1-_jpg.rf.af24089ba86b331829a4600362e97b97.txt,2155839401,537c54a275e1425ec6009514e56f7f362dd358699f11b9288122277ddad41c34,6,0,no
train,stallion_000067.jpg,stallion_000067.txt,640,640,sofa_v2_old,train,86_jpg.rf.bd48c5a699e804cd9437de6c3dfd9345.jpg,train/labels/86_jpg.rf.bd48c5a699e804cd9437de6c3dfd9345.txt,86_jpg.rf.bd48c5a699e804cd9437de6c3dfd9345,1563ffd67d45a52aca4f1cc9c39504ed4c59be4e0f4dfcfdf81459767c0e5da2,8,0,no
train,stallion_000068.jpg,stallion_000068.txt,512,512,sofa_v2_component,train,istockphoto-1136583135-1024x1024_jpg.rf.91768cb254a99bdf69aa11eb7ad79968.jpg,train/labels/istockphoto-1136583135-1024x1024_jpg.rf.91768cb254a99bdf69aa11eb7ad79968.txt,1136583135,5408edf72e7b7d2422152cccd585d32748d0f6d69cd1b9327f7f142bf4be1c90,10,0,no
train,stallion_000069.jpg,stallion_000069.txt,640,640,sofa_v2_old,train,1268_jpg.rf.0d46ff68db1ec30f163721ae4a4bee3d.jpg,train/labels/1268_jpg.rf.0d46ff68db1ec30f163721ae4a4bee3d.txt,1268_jpg.rf.0d46ff68db1ec30f163721ae4a4bee3d,562016abbe26ba09447c85ad5a70d66abd2d7c925fe17b9b08024b59c4529ffe,8,0,no
train,stallion_000070.jpg,stallion_000070.txt,640,640,sofa_v2_old,train,479_jpg.rf.dcbafb44e0c8b6080e3ba155cb7e103c.jpg,train/labels/479_jpg.rf.dcbafb44e0c8b6080e3ba155cb7e103c.txt,479_jpg.rf.dcbafb44e0c8b6080e3ba155cb7e103c,d5421c29cd378417688f2340249fe4909d1e9cf1903fb10f5ef9e8a901ba4473,13,0,no
train,stallion_000071.jpg,stallion_000071.txt,640,640,sofa_v2_old,train,483_jpg.rf.2ead2e4423596ad1c3d7a234234b6d64.jpg,train/labels/483_jpg.rf.2ead2e4423596ad1c3d7a234234b6d64.txt,483_jpg.rf.2ead2e4423596ad1c3d7a234234b6d64,3fccd3f0978a8ea44fa78276c83338d996518651f814cbee31753c49c38a3aea,10,0,no
train,stallion_000072.jpg,stallion_000072.txt,512,512,sofa_v2_component,train,istockphoto-1464204347-1024x1024-1-_jpg.rf.313dd128f795ef6ed736f9b5e8c6e80c.jpg,train/labels/istockphoto-1464204347-1024x1024-1-_jpg.rf.313dd128f795ef6ed736f9b5e8c6e80c.txt,1464204347,187c72f3bc096a6929b389ae727c83574dcc812817cdf874f6d7c709b011d65a,9,0,no
train,stallion_000073.jpg,stallion_000073.txt,640,640,sofa_v2_old,train,495_jpg.rf.28d3055ee9f967e9336e29122e59b5ac.jpg,train/labels/495_jpg.rf.28d3055ee9f967e9336e29122e59b5ac.txt,495_jpg.rf.28d3055ee9f967e9336e29122e59b5ac,1177f432dd0930493fe1bf7fb16dfeb775c11f7f8f8799dceef1e0e51b816093,8,0,no
train,stallion_000074.jpg,stallion_000074.txt,640,640,sofa_v3,train,istockphoto-475726593-1024x1024_jpg.rf.2c62bbba557cbe1e89ac3ee99303ec10.jpg,train/labels/istockphoto-475726593-1024x1024_jpg.rf.2c62bbba557cbe1e89ac3ee99303ec10.txt,475726593,299649b434691baa7fc9e8ecd131c6ab5888d5c4e185d7b970aadd1285b120ad,6,0,no
train,stallion_000075.jpg,stallion_000075.txt,640,640,sofa_v3,train,istockphoto-519709286-1024x1024_jpg.rf.c0673f9ede09df5f4c1fe1bbcad6fe77.jpg,train/labels/istockphoto-519709286-1024x1024_jpg.rf.c0673f9ede09df5f4c1fe1bbcad6fe77.txt,519709286,a9ef60814ca562d9f0c549e0d8cb3c5672f0d3e656d42e8ee70f02c4cd0ca315,7,0,no
train,stallion_000076.jpg,stallion_000076.txt,640,640,sofa_v3,train,istockphoto-1306540130-1024x1024_jpg.rf.8e5cc9ce9f7392832f6daa787eb749c4.jpg,train/labels/istockphoto-1306540130-1024x1024_jpg.rf.8e5cc9ce9f7392832f6daa787eb749c4.txt,1306540130,a49a1608c89f1b0d0c7800e54f01b093fb3b11b9bf498afd4b27c3fb0005d60d,8,0,no
train,stallion_000077.jpg,stallion_000077.txt,640,640,sofa_v3,train,istockphoto-475726581-1024x1024-1-_jpg.rf.0629256ccd35d78c5b4fdd069d0f15ff.jpg,train/labels/istockphoto-475726581-1024x1024-1-_jpg.rf.0629256ccd35d78c5b4fdd069d0f15ff.txt,475726581,1c73c79310d32c39fe8cbd2199e456ea3aab4fb5e9ee43332f2a95d486df5502,9,0,no
train,stallion_000078.jpg,stallion_000078.txt,512,512,sofa_v2_component,train,istockphoto-2251249545-1024x1024_jpg.rf.19508a1e52ba6abeab102c0851608459.jpg,train/labels/istockphoto-2251249545-1024x1024_jpg.rf.19508a1e52ba6abeab102c0851608459.txt,2251249545,08f7d0aa7c20c40131ccdb16c6d5d073d1f60aee8201ded68d5575bbd5fec440,7,0,no
train,stallion_000079.jpg,stallion_000079.txt,640,640,sofa_v3,train,istockphoto-177127403-1024x1024_jpg.rf.11c3b7888d8a14084c6c77c2c56c3779.jpg,train/labels/istockphoto-177127403-1024x1024_jpg.rf.11c3b7888d8a14084c6c77c2c56c3779.txt,177127403,8ecab12684319d8c92874b5918f3acf276a7eac0e135b4dd6897a17e235775ff,7,0,no
train,stallion_000080.jpg,stallion_000080.txt,640,640,sofa_v2_old,train,347_jpg.rf.ef558cde7c6c487cf299a7056597f6a0.jpg,train/labels/347_jpg.rf.ef558cde7c6c487cf299a7056597f6a0.txt,347_jpg.rf.ef558cde7c6c487cf299a7056597f6a0,351cf823b833a11ed1516ef4b2e4278581c913080061de01dbb1eb544f2912b8,9,0,no
train,stallion_000081.jpg,stallion_000081.txt,640,640,sofa_v3,train,istockphoto-481092136-1024x1024_jpg.rf.83745ab067d433b3425b43c45a244f22.jpg,train/labels/istockphoto-481092136-1024x1024_jpg.rf.83745ab067d433b3425b43c45a244f22.txt,481092136,0b35c46bbe62c258672e3e6d403f320368fe7c6bdd276dd69737ca25c9b5373d,8,0,no
train,stallion_000082.jpg,stallion_000082.txt,512,512,sofa_v2_component,train,istockphoto-635795478-1024x1024_jpg.rf.a4e5801acc1fc68a3279dcdb972defeb.jpg,train/labels/istockphoto-635795478-1024x1024_jpg.rf.a4e5801acc1fc68a3279dcdb972defeb.txt,635795478,0bad1b9ff095d33ce3b7473cf7f4135754da0dc53ddc25603993f91d5151d1d4,7,0,no
train,stallion_000083.jpg,stallion_000083.txt,512,512,sofa_v2_component,train,3209107-sofa-1649144_1920_png.rf.3f0d815cfdf6d511b244d6f66b261150.jpg,train/labels/3209107-sofa-1649144_1920_png.rf.3f0d815cfdf6d511b244d6f66b261150.txt,3209107-sofa-1649144_1920_png.rf.3f0d815cfdf6d511b244d6f66b261150,d511fe928043b5efdecde455bd515f438786a380d2159a3bf5fd7c05d979bd91,18,0,no
train,stallion_000084.jpg,stallion_000084.txt,640,640,sofa_v3,train,istockphoto-91692372-1024x1024_jpg.rf.f838aca9ec9680bdea491a69eec74c81.jpg,train/labels/istockphoto-91692372-1024x1024_jpg.rf.f838aca9ec9680bdea491a69eec74c81.txt,91692372,3a47bcd283a33fe2c78872735198d038f274ba4aaa1b37026de266b54b5deea5,10,0,no
train,stallion_000085.jpg,stallion_000085.txt,640,640,sofa_v3,train,istockphoto-498548950-1024x1024_jpg.rf.1f6601cbc0dcff69672e716872ed707a.jpg,train/labels/istockphoto-498548950-1024x1024_jpg.rf.1f6601cbc0dcff69672e716872ed707a.txt,498548950,0399a620446e496ff668eb48e7d93fa4311959e09c9a9c6a926b48dccba2ed22,13,0,no
train,stallion_000086.jpg,stallion_000086.txt,640,640,sofa_v2_old,train,851_jpg.rf.74cee7ab08ac6eae0e1b82ee75a6a36a.jpg,train/labels/851_jpg.rf.74cee7ab08ac6eae0e1b82ee75a6a36a.txt,851_jpg.rf.74cee7ab08ac6eae0e1b82ee75a6a36a,05cd1db2733ab2fb088f5e2073532af91550e18ff1bde1c94dfc3d972c3d8e63,8,0,no
train,stallion_000087.jpg,stallion_000087.txt,640,640,sofa_v3,train,istockphoto-875579118-1024x1024_jpg.rf.d28a3e4aa3dc812d90fd435066468c9b.jpg,train/labels/istockphoto-875579118-1024x1024_jpg.rf.d28a3e4aa3dc812d90fd435066468c9b.txt,875579118,f255b62839a83b51be3854b02c0b960508735b55ccdfb7576b5872aa4720d297,6,0,no
train,stallion_000088.jpg,stallion_000088.txt,640,640,sofa_v2_old,train,634_jpg.rf.f5f1327b1f653c47ef536fd9b1c7a0e8.jpg,train/labels/634_jpg.rf.f5f1327b1f653c47ef536fd9b1c7a0e8.txt,634_jpg.rf.f5f1327b1f653c47ef536fd9b1c7a0e8,7e5c472e1da00f42a0c12b126382ed98789fc80ee1f7daaad87bca9890927276,7,0,no
train,stallion_000089.jpg,stallion_000089.txt,640,640,sofa_v3,train,istockphoto-514994636-1024x1024-1-_jpg.rf.d79e05092d64e63dd724f5ec8642fcc7.jpg,train/labels/istockphoto-514994636-1024x1024-1-_jpg.rf.d79e05092d64e63dd724f5ec8642fcc7.txt,514994636,f207cac02749b4213e023d544abe74b9bbdd77b06ce3f7a26f63de35955f5f7e,9,0,no
train,stallion_000090.jpg,stallion_000090.txt,640,640,sofa_v3,train,istockphoto-1366569235-1024x1024_jpg.rf.095423a9289a7784a165572216890f73.jpg,train/labels/istockphoto-1366569235-1024x1024_jpg.rf.095423a9289a7784a165572216890f73.txt,1366569235,80a0ddd2f7a12653cc16d18b6be266381d8039e02c6bf59c281d69cac5386194,12,0,no
train,stallion_000091.jpg,stallion_000091.txt,512,512,sofa_v2_component,train,tnext54-sofa-2337362_1920-1-_jpg.rf.bf6f209c5c4196e0b966d8db24ed0c18.jpg,train/labels/tnext54-sofa-2337362_1920-1-_jpg.rf.bf6f209c5c4196e0b966d8db24ed0c18.txt,tnext54-sofa-2337362_1920-1-_jpg.rf.bf6f209c5c4196e0b966d8db24ed0c18,93e3df81422bc70315a174caf2ca8faa5eae0ef0f6a92c27015c6fe6c43d3cdc,8,0,no
train,stallion_000092.jpg,stallion_000092.txt,640,640,sofa_v3,train,istockphoto-1125872255-1024x1024_jpg.rf.f1c925e1f9aa05e7b04423da28132c4b.jpg,train/labels/istockphoto-1125872255-1024x1024_jpg.rf.f1c925e1f9aa05e7b04423da28132c4b.txt,1125872255,0c6a8f86ec98e4f6e4ef3c777ba9df53805b40bfd8c87187ab735698acf03f90,9,0,no
train,stallion_000093.jpg,stallion_000093.txt,640,640,sofa_v3,train,istockphoto-475726599-1024x1024_jpg.rf.2e28d1c20792982789aaf95ae40cf056.jpg,train/labels/istockphoto-475726599-1024x1024_jpg.rf.2e28d1c20792982789aaf95ae40cf056.txt,475726599,32aa24708696f502627c7003f09d081ff05ceef5cae640ce3052a8373c39be8d,6,0,no
train,stallion_000094.jpg,stallion_000094.txt,640,640,sofa_v3,train,istockphoto-1249521779-1024x1024_jpg.rf.216f51a6c130928cd654735bef0d093d.jpg,train/labels/istockphoto-1249521779-1024x1024_jpg.rf.216f51a6c130928cd654735bef0d093d.txt,1249521779,7510c6ab67657e3d7d5a58424945723ea3b4f140702527469a60b65fbc0b8a4a,9,0,no
train,stallion_000095.jpg,stallion_000095.txt,640,640,sofa_v2_old,train,965_jpg.rf.193ac54351fc5146e20c5183d303ca09.jpg,train/labels/965_jpg.rf.193ac54351fc5146e20c5183d303ca09.txt,965_jpg.rf.193ac54351fc5146e20c5183d303ca09,74cea7a081a4727befa176c2023986ebc61fabca1296011d8a382ff19c38758d,10,0,no
train,stallion_000096.jpg,stallion_000096.txt,640,640,sofa_v2_old,train,1178_jpg.rf.0d4354cc824afb59777d58faf3825288.jpg,train/labels/1178_jpg.rf.0d4354cc824afb59777d58faf3825288.txt,1178_jpg.rf.0d4354cc824afb59777d58faf3825288,daa8414ab7b2bb3b437cd57b662bd03dea22319d4c7ecccdd116481eedb43500,11,0,no
train,stallion_000097.jpg,stallion_000097.txt,640,640,sofa_v2_old,train,1141_jpg.rf.9527250ac4c900bb682acc550ce8a38b.jpg,train/labels/1141_jpg.rf.9527250ac4c900bb682acc550ce8a38b.txt,1141_jpg.rf.9527250ac4c900bb682acc550ce8a38b,f7fb116ccb65f1368c1f4ed2c90db2cc04863ee66e18a28999d6cde1cbbf47f6,8,0,no
train,stallion_000098.jpg,stallion_000098.txt,640,640,sofa_v3,train,istockphoto-503685150-1024x1024_jpg.rf.2ccb3b730d3c05901fbc76bf0555b67c.jpg,train/labels/istockphoto-503685150-1024x1024_jpg.rf.2ccb3b730d3c05901fbc76bf0555b67c.txt,503685150,f72f6f84080c2155faea778b5c9fead15f14c3ce092dacbf4ed8f35a38e5c324,10,0,no
train,stallion_000099.jpg,stallion_000099.txt,640,640,sofa_v3,train,istockphoto-93139244-1024x1024_jpg.rf.206844796ad46229b927ad8c9357cc2b.jpg,train/labels/istockphoto-93139244-1024x1024_jpg.rf.206844796ad46229b927ad8c9357cc2b.txt,93139244,2320e164e26156e40249233992b6627b1cc093870c7ac8ba657b5371b1f30b97,6,0,no
train,stallion_000100.jpg,stallion_000100.txt,512,512,sofa_v2_component,train,istockphoto-1126892996-1024x1024_jpg.rf.5f207dd1e56d320c74e5c721779a5b4b.jpg,train/labels/istockphoto-1126892996-1024x1024_jpg.rf.5f207dd1e56d320c74e5c721779a5b4b.txt,1126892996,59c31d8538a7b9f7f6b9579655a9404874093ce471a76e98243f068800eeb4e2,10,0,no
train,stallion_000101.jpg,stallion_000101.txt,640,640,sofa_v2_old,train,742_jpg.rf.e9e073d68c387d376b17ea0bd3578153.jpg,train/labels/742_jpg.rf.e9e073d68c387d376b17ea0bd3578153.txt,742_jpg.rf.e9e073d68c387d376b17ea0bd3578153,fa04b46de50939e2bbb575c7fbc8fd0cf7275b66107c9949bc21517f5f47cc85,9,0,no
train,stallion_000102.jpg,stallion_000102.txt,640,640,sofa_v3,train,istockphoto-1187763295-1024x1024_jpg.rf.b8b2933b18c49d93039cfc8bde59e3f4.jpg,train/labels/istockphoto-1187763295-1024x1024_jpg.rf.b8b2933b18c49d93039cfc8bde59e3f4.txt,1187763295,d40e0da4ce13c12ef85cfaefbdd1f02042c67f219f861feb8038b83afd692a6c,9,0,no
train,stallion_000103.jpg,stallion_000103.txt,512,512,sofa_v2_component,train,istockphoto-1423734648-1024x1024_jpg.rf.b576d878eb63c9adab50cb5f2ea06e05.jpg,train/labels/istockphoto-1423734648-1024x1024_jpg.rf.b576d878eb63c9adab50cb5f2ea06e05.txt,1423734648,afd6fce8f3abc94c08d4f456008b6ae6416065672616c42340a407d02687e285,6,0,no
train,stallion_000104.jpg,stallion_000104.txt,640,640,sofa_v3,train,istockphoto-108688433-1024x1024_jpg.rf.a4447e3e15c27ea0cdea937370852636.jpg,train/labels/istockphoto-108688433-1024x1024_jpg.rf.a4447e3e15c27ea0cdea937370852636.txt,108688433,105dce12a6912bd5fb362da9bcd4ddfd0530bd395fd0509a11393ee2641940dc,7,0,no
train,stallion_000105.jpg,stallion_000105.txt,640,640,sofa_v3,train,istockphoto-648290672-1024x1024_jpg.rf.c1e03ae931d04b7a20d642fb21a7102b.jpg,train/labels/istockphoto-648290672-1024x1024_jpg.rf.c1e03ae931d04b7a20d642fb21a7102b.txt,648290672,10a3164028d7710dd8f746ec355de5755ced6f82e538d39f535c8a07a11945b6,6,0,no
train,stallion_000106.jpg,stallion_000106.txt,640,640,sofa_v3,train,istockphoto-152121531-1024x1024_jpg.rf.5e9aa60b40febfb9a08d721aa5d50826.jpg,train/labels/istockphoto-152121531-1024x1024_jpg.rf.5e9aa60b40febfb9a08d721aa5d50826.txt,152121531,c4269177fac16b3675bd7a8ab78ef633aa62b0530d77ea225f929e6fc0b77f8a,8,0,no
train,stallion_000107.jpg,stallion_000107.txt,512,512,sofa_v2_component,train,istockphoto-2155146145-1024x1024_jpg.rf.da38b579be40afe5c010fed3f2617d2c.jpg,train/labels/istockphoto-2155146145-1024x1024_jpg.rf.da38b579be40afe5c010fed3f2617d2c.txt,2155146145,0af30bdb4976c24ce1888235441eee17bf7318846128e0ef8a2fbd823187b044,8,0,no
train,stallion_000108.jpg,stallion_000108.txt,640,640,sofa_v3,train,istockphoto-92039694-1024x1024-1-_jpg.rf.97fce8a09f9a10645595f7d22482cf17.jpg,train/labels/istockphoto-92039694-1024x1024-1-_jpg.rf.97fce8a09f9a10645595f7d22482cf17.txt,92039694,532b61b9593a2ec684d665b12cae326e668b24261d81742069badb69906c8618,6,0,no
train,stallion_000109.jpg,stallion_000109.txt,512,512,sofa_v2_component,train,istockphoto-2158165333-1024x1024_jpg.rf.7f82a607c141a27f87ae7fc676cd08e7.jpg,train/labels/istockphoto-2158165333-1024x1024_jpg.rf.7f82a607c141a27f87ae7fc676cd08e7.txt,2158165333,ebc22e859951cc92224f7cfa10439809ae909e5ecbff402658273b465835e59a,9,0,no
train,stallion_000110.jpg,stallion_000110.txt,640,640,sofa_v2_old,train,114_jpg.rf.1c77cb37dcc9acfb242596331e565f37.jpg,train/labels/114_jpg.rf.1c77cb37dcc9acfb242596331e565f37.txt,114_jpg.rf.1c77cb37dcc9acfb242596331e565f37,8efc414d667f8b66499b35766bf7901fe6ec983e6724437e0c5a753469be7a70,9,0,no
train,stallion_000111.jpg,stallion_000111.txt,640,640,sofa_v2_old,train,1223_jpg.rf.651b9b867081ce614ad4011273fe6477.jpg,train/labels/1223_jpg.rf.651b9b867081ce614ad4011273fe6477.txt,1223_jpg.rf.651b9b867081ce614ad4011273fe6477,b8991ca5cf1d55f5a670bcdfb7fa9e91ff6ac76e41284b4fa1dacdc0d1741611,10,0,no
train,stallion_000112.jpg,stallion_000112.txt,640,640,sofa_v2_old,train,1339_jpg.rf.80733cf90c4974f8ec298080890a7905.jpg,train/labels/1339_jpg.rf.80733cf90c4974f8ec298080890a7905.txt,1339_jpg.rf.80733cf90c4974f8ec298080890a7905,c3c36cc9ac9bc67696b6bf7e687414941e0b0f3937e213cb3554436831f5619f,8,0,no
train,stallion_000113.jpg,stallion_000113.txt,640,640,sofa_v3,train,istockphoto-471234053-1024x1024_jpg.rf.20614df6abee99ae4b7346509f99ec9e.jpg,train/labels/istockphoto-471234053-1024x1024_jpg.rf.20614df6abee99ae4b7346509f99ec9e.txt,471234053,a074c44c43671814ecebd6fa588c46b177a90cb69d3a8262ee9144fd89db900c,9,0,no
train,stallion_000114.jpg,stallion_000114.txt,512,512,sofa_v2_component,train,istockphoto-1040441108-1024x1024_jpg.rf.bd57120172924bc116dd492c396a590e.jpg,train/labels/istockphoto-1040441108-1024x1024_jpg.rf.bd57120172924bc116dd492c396a590e.txt,1040441108,cf35ad03e54b5bc7c978cf733af05bdec1418bb74960e27f2af0d47c2e5d8c2d,7,0,no
train,stallion_000115.jpg,stallion_000115.txt,512,512,sofa_v2_component,train,istockphoto-2155509597-1024x1024_jpg.rf.41a9d69d28de80ed08f3413d5dae5043.jpg,train/labels/istockphoto-2155509597-1024x1024_jpg.rf.41a9d69d28de80ed08f3413d5dae5043.txt,2155509597,b612dde1fd42ca0fd76501aade498eef910249e30ba2e04823ea5dc5e470a489,9,0,no
train,stallion_000116.jpg,stallion_000116.txt,640,640,sofa_v3,train,istockphoto-1338585498-1024x1024_jpg.rf.d3e73931b13e2a0e19a3821ec9af0e06.jpg,train/labels/istockphoto-1338585498-1024x1024_jpg.rf.d3e73931b13e2a0e19a3821ec9af0e06.txt,1338585498,c64c92219d3c937b43b77d38ad2f56cf833787d3ad6594ce3b9eaa3fc6534259,6,0,no
valid,stallion_000117.jpg,stallion_000117.txt,512,512,sofa_v2_component,valid,istockphoto-491686686-1024x1024_jpg.rf.cc7d0d28affcf42b0c9b0acda1ce33d2.jpg,valid/labels/istockphoto-491686686-1024x1024_jpg.rf.cc7d0d28affcf42b0c9b0acda1ce33d2.txt,491686686,49f68e0e2c16f949996e6f162e348576d2c037411cfa5b2de5c6f4f40e9b83f2,6,0,no
valid,stallion_000118.jpg,stallion_000118.txt,512,512,sofa_v2_component,valid,istockphoto-2158309584-1024x1024_jpg.rf.ff14b85cc43139627ec0af1645a72395.jpg,valid/labels/istockphoto-2158309584-1024x1024_jpg.rf.ff14b85cc43139627ec0af1645a72395.txt,2158309584,7639897037779043b650e89c084ecd3586da552f66e3c22a58235447143b4c37,7,0,no
valid,stallion_000119.jpg,stallion_000119.txt,512,512,sofa_v2_component,valid,istockphoto-636480620-1024x1024_jpg.rf.3cbf6057569682e81a5927545dcaaec1.jpg,valid/labels/istockphoto-636480620-1024x1024_jpg.rf.3cbf6057569682e81a5927545dcaaec1.txt,636480620,037d79c7d306e3290af2bb02bdbdab975f7b21396811d0c5a75f23e1645f5fe4,6,0,no
valid,stallion_000120.jpg,stallion_000120.txt,640,640,sofa_v2_old,valid,1069_jpg.rf.cc1101fe532c7d1c77c6a13ebf760f7c.jpg,valid/labels/1069_jpg.rf.cc1101fe532c7d1c77c6a13ebf760f7c.txt,1069_jpg.rf.cc1101fe532c7d1c77c6a13ebf760f7c,7382fb8cd21a1fd69ebd24272db7eb069c6f6fae498cd22def2808f5a58ea5c9,8,0,no
valid,stallion_000121.jpg,stallion_000121.txt,640,640,sofa_v2_old,valid,922_jpg.rf.ed6ebb5b92366b5715b3d469b77f4f6a.jpg,valid/labels/922_jpg.rf.ed6ebb5b92366b5715b3d469b77f4f6a.txt,922_jpg.rf.ed6ebb5b92366b5715b3d469b77f4f6a,b7f42ebda3e930ddf8b2604a4ecc92e452b1c1fbfb59720fc3482b520a69c8cf,6,0,no
valid,stallion_000122.jpg,stallion_000122.txt,640,640,sofa_v3,valid,istockphoto-171111984-1024x1024_jpg.rf.2e18a3592c75be775160925d1ea76ac2.jpg,valid/labels/istockphoto-171111984-1024x1024_jpg.rf.2e18a3592c75be775160925d1ea76ac2.txt,171111984,85e323db034a16dc883380a19de8241924c3ac1260ebbe2692b3356ba94d8b84,8,0,no
valid,stallion_000123.jpg,stallion_000123.txt,640,640,sofa_v2_old,valid,1418_jpg.rf.e7e4ca05d368d926a8f36b2581e1ac41.jpg,valid/labels/1418_jpg.rf.e7e4ca05d368d926a8f36b2581e1ac41.txt,1418_jpg.rf.e7e4ca05d368d926a8f36b2581e1ac41,d63a1d2f10554c4a39bbb18902011cb3c88fc0382c26e830fa376f6a2af5e29d,10,0,no
valid,stallion_000124.jpg,stallion_000124.txt,640,640,sofa_v3,valid,istockphoto-996970902-1024x1024_jpg.rf.e28b37c68b52048eba6398e18e837c4d.jpg,valid/labels/istockphoto-996970902-1024x1024_jpg.rf.e28b37c68b52048eba6398e18e837c4d.txt,996970902,dc22fb8359059ee0855b3f7fb7d60d1f4ea5764ef0071797ea49779aa01fe043,8,0,no
valid,stallion_000125.jpg,stallion_000125.txt,640,640,sofa_v3,valid,istockphoto-519709556-1024x1024_jpg.rf.50bee1f52f3003f99224369ed7938750.jpg,valid/labels/istockphoto-519709556-1024x1024_jpg.rf.50bee1f52f3003f99224369ed7938750.txt,519709556,707083291058dddfb8b77b6c3e5003cb09aa66cdfc5f47bdd827924b20807f63,6,0,no
valid,stallion_000126.jpg,stallion_000126.txt,640,640,sofa_v3,valid,istockphoto-92070873-1024x1024-1-_jpg.rf.980e1fe40e316f1f819629d552b0a537.jpg,valid/labels/istockphoto-92070873-1024x1024-1-_jpg.rf.980e1fe40e316f1f819629d552b0a537.txt,92070873,39312661a0421c2bac1ffda401ab7940e95c7655cfaa825975318f44d2b58707,10,0,no
valid,stallion_000127.jpg,stallion_000127.txt,640,640,sofa_v3,valid,istockphoto-155425405-1024x1024-1-_jpg.rf.e8d7cbe75604dcf0ec1f77c7ef0c4522.jpg,valid/labels/istockphoto-155425405-1024x1024-1-_jpg.rf.e8d7cbe75604dcf0ec1f77c7ef0c4522.txt,155425405,bf3af3fe5a403d1d37e9abd71ad00617e815013e32b08b57b746c1902de94470,8,0,no
valid,stallion_000128.jpg,stallion_000128.txt,640,640,sofa_v2_old,valid,1006_jpg.rf.621cd44c8f8769d0d8f745fd51e8bd85.jpg,valid/labels/1006_jpg.rf.621cd44c8f8769d0d8f745fd51e8bd85.txt,1006_jpg.rf.621cd44c8f8769d0d8f745fd51e8bd85,b432b7e3af1d01b79c820c6f1b8d93931de82f418fa87d1e057c9bd9880610c6,10,0,no
valid,stallion_000129.jpg,stallion_000129.txt,512,512,sofa_v2_component,valid,istockphoto-1146730006-1024x1024_jpg.rf.3e30492fc23d18c9ea8cc88ac20c9d4b.jpg,valid/labels/istockphoto-1146730006-1024x1024_jpg.rf.3e30492fc23d18c9ea8cc88ac20c9d4b.txt,1146730006,c25486411ee838f75ac37ff455780ebce81d8b4ee39cc04c6b3bf389ff8d3369,9,0,no
valid,stallion_000130.jpg,stallion_000130.txt,640,640,sofa_v2_old,valid,415_jpg.rf.cce04c664fb5a3282864d667a664ff5b.jpg,valid/labels/415_jpg.rf.cce04c664fb5a3282864d667a664ff5b.txt,415_jpg.rf.cce04c664fb5a3282864d667a664ff5b,8d8de6d66d64979ae87937defb7673b656222f138776cab4d1b11fb065d842ac,10,0,no
valid,stallion_000131.jpg,stallion_000131.txt,640,640,sofa_v2_old,valid,122_jpg.rf.8d6d360e572d21d2bab7cd8aec212569.jpg,valid/labels/122_jpg.rf.8d6d360e572d21d2bab7cd8aec212569.txt,122_jpg.rf.8d6d360e572d21d2bab7cd8aec212569,f1e1c4d17b4c468b02698ddfb5a8c348a82a53ba952c80b173fa6571d24b572e,8,0,no
valid,stallion_000132.jpg,stallion_000132.txt,640,640,sofa_v3,valid,istockphoto-2170109467-1024x1024_jpg.rf.2fd87055d99fd48eba7d67e820ab37d5.jpg,valid/labels/istockphoto-2170109467-1024x1024_jpg.rf.2fd87055d99fd48eba7d67e820ab37d5.txt,2170109467,40941f0de6a451e23034c3a1204f5444871711c9bb2a8420fa5fb69796d2ec7a,6,0,no
valid,stallion_000133.jpg,stallion_000133.txt,640,640,sofa_v3,valid,istockphoto-949607060-1024x1024_jpg.rf.db3f651faaf514a00619cf47e21429f0.jpg,valid/labels/istockphoto-949607060-1024x1024_jpg.rf.db3f651faaf514a00619cf47e21429f0.txt,949607060,82a6d9e2a6f846a3a47d78fd362a1663f84e5069a451366038a03930fede02a5,9,0,no
valid,stallion_000134.jpg,stallion_000134.txt,640,640,sofa_v2_old,valid,153_jpg.rf.933cdee9d7fac6435868386aa77a8c18.jpg,valid/labels/153_jpg.rf.933cdee9d7fac6435868386aa77a8c18.txt,153_jpg.rf.933cdee9d7fac6435868386aa77a8c18,fa24a380fbe8e52424f76324b931d9cce18e96320093724ecebe194838b32bdb,10,0,no
valid,stallion_000135.jpg,stallion_000135.txt,640,640,sofa_v2_old,valid,1126_jpg.rf.f03ac7e5596131406c061316474c0527.jpg,valid/labels/1126_jpg.rf.f03ac7e5596131406c061316474c0527.txt,1126_jpg.rf.f03ac7e5596131406c061316474c0527,0ce06feb41ef5cf34d6dcdc3be86481782010e116335d4f7d355eb8668329fb7,11,0,no
valid,stallion_000136.jpg,stallion_000136.txt,640,640,sofa_v3,valid,istockphoto-182278853-1024x1024-1-_jpg.rf.428f85d1df075c3bca041a7cb22d0d2e.jpg,valid/labels/istockphoto-182278853-1024x1024-1-_jpg.rf.428f85d1df075c3bca041a7cb22d0d2e.txt,182278853,e74725fc03a9424109e186dfe303051cfc2e322b2b3c00fe0fd0321477c6daa0,8,0,no
valid,stallion_000137.jpg,stallion_000137.txt,640,640,sofa_v2_old,valid,205_jpg.rf.7966c8f778d604a1d763644a05e8cf9c.jpg,valid/labels/205_jpg.rf.7966c8f778d604a1d763644a05e8cf9c.txt,205_jpg.rf.7966c8f778d604a1d763644a05e8cf9c,5d170f9e94243ff96526cf19d7e5a2582aa45cce51b14d106479c4ee92510403,5,0,no
valid,stallion_000138.jpg,stallion_000138.txt,640,640,sofa_v2_old,valid,1136_jpg.rf.943dc715a5f1f1e8e81c3a8c696b4403.jpg,valid/labels/1136_jpg.rf.943dc715a5f1f1e8e81c3a8c696b4403.txt,1136_jpg.rf.943dc715a5f1f1e8e81c3a8c696b4403,354f0e02795993fc8df06d216af294f9bd1aed8ba8d6a7d40b82786e2bdc435c,7,0,no
valid,stallion_000139.jpg,stallion_000139.txt,640,640,sofa_v2_old,valid,379_jpg.rf.51df0b7abaf6c08fdf099e78356b1bf3.jpg,valid/labels/379_jpg.rf.51df0b7abaf6c08fdf099e78356b1bf3.txt,379_jpg.rf.51df0b7abaf6c08fdf099e78356b1bf3,4256e3f91c831538bb6f169c81168fc3fbff74fca0982748aa9299777f30b987,10,0,no
valid,stallion_000140.jpg,stallion_000140.txt,512,512,sofa_v2_component,valid,istockphoto-2158308532-1024x1024_jpg.rf.4f480bd2e0e90edaf78a19cefd1288fd.jpg,valid/labels/istockphoto-2158308532-1024x1024_jpg.rf.4f480bd2e0e90edaf78a19cefd1288fd.txt,2158308532,2ff22f7cdfff545b21bb4faaf5e412d774269205b3be206008679c89c0145bfd,9,0,no
valid,stallion_000141.jpg,stallion_000141.txt,640,640,sofa_v2_old,valid,300_jpg.rf.59800fa78699b336cee444bc2fd5da35.jpg,valid/labels/300_jpg.rf.59800fa78699b336cee444bc2fd5da35.txt,300_jpg.rf.59800fa78699b336cee444bc2fd5da35,9df9e9e5229dc2fb94d133d773e4d5a78abaa1caea6b7d61145f2619d4eb6579,8,0,no
valid,stallion_000142.jpg,stallion_000142.txt,512,512,sofa_v2_component,valid,istockphoto-2155508600-1024x1024_jpg.rf.77f96b2a4fe8d8c42aaf1984853c275f.jpg,valid/labels/istockphoto-2155508600-1024x1024_jpg.rf.77f96b2a4fe8d8c42aaf1984853c275f.txt,2155508600,59bc8fb75b8fff94cbb5bd1531b52e999fe41c2f415506300f928a31f5609d76,9,0,no
valid,stallion_000143.jpg,stallion_000143.txt,512,512,sofa_v2_component,valid,istockphoto-2155187744-1024x1024_jpg.rf.17ac70f21b02a58baf44f97b70c6f4c2.jpg,valid/labels/istockphoto-2155187744-1024x1024_jpg.rf.17ac70f21b02a58baf44f97b70c6f4c2.txt,2155187744,7eb14290e8c3ee572a61d9226a4ed6cc67d6124be7a95dec3f747d7f1a69b92b,9,0,no
valid,stallion_000144.jpg,stallion_000144.txt,640,640,sofa_v3,valid,istockphoto-650189928-1024x1024_jpg.rf.bca39a7f4897e0b7f35edd62388aa601.jpg,valid/labels/istockphoto-650189928-1024x1024_jpg.rf.bca39a7f4897e0b7f35edd62388aa601.txt,650189928,ae8c9156eaddbbda24efd3966e18d3b0f453dc02a054b831e24ac308c1d91447,7,0,no
valid,stallion_000145.jpg,stallion_000145.txt,512,512,sofa_v2_component,valid,istockphoto-1169184086-1024x1024-1-_jpg.rf.26ab0d38aa0e041a466501165958fd16.jpg,valid/labels/istockphoto-1169184086-1024x1024-1-_jpg.rf.26ab0d38aa0e041a466501165958fd16.txt,1169184086,2af0538982d50345fcbcd5eef8f3b3a59ec03a61b57be097e84358ce39f0ebbf,9,0,no
valid,stallion_000146.jpg,stallion_000146.txt,640,640,sofa_v2_old,valid,705_jpg.rf.ca55e3d15c100e0aefce1a297ef4231d.jpg,valid/labels/705_jpg.rf.ca55e3d15c100e0aefce1a297ef4231d.txt,705_jpg.rf.ca55e3d15c100e0aefce1a297ef4231d,a162813b5438c122d73f53a18b859e56add7250a224665769638387120cfab49,8,0,no
valid,stallion_000147.jpg,stallion_000147.txt,512,512,sofa_v2_component,valid,istockphoto-1291785841-1024x1024-1-_jpg.rf.fe1a0ecb4c66e9950fca97803344abd3.jpg,valid/labels/istockphoto-1291785841-1024x1024-1-_jpg.rf.fe1a0ecb4c66e9950fca97803344abd3.txt,1291785841,a4691d35172d826e7591bdaa0dcba24d7f6b709f07f45aa90cb5333afe9cdbb5,8,0,no
valid,stallion_000148.jpg,stallion_000148.txt,640,640,sofa_v3,valid,istockphoto-182278855-1024x1024_jpg.rf.ccf62e326caab555327f19a1a23f5c33.jpg,valid/labels/istockphoto-182278855-1024x1024_jpg.rf.ccf62e326caab555327f19a1a23f5c33.txt,182278855,be9f70eea693d73a0e8dcc26d3395f5a5a67827444e282151ba49446c5ace3ce,9,0,no
valid,stallion_000149.jpg,stallion_000149.txt,640,640,sofa_v3,valid,istockphoto-2163252355-1024x1024_jpg.rf.6322b03c058daaf6cee31b8f4101a08a.jpg,valid/labels/istockphoto-2163252355-1024x1024_jpg.rf.6322b03c058daaf6cee31b8f4101a08a.txt,2163252355,bf1aa46eebde38c0c00695316b9c235cde84176f4ac105568ec138ee4d69ab17,14,0,no
valid,stallion_000150.jpg,stallion_000150.txt,512,512,sofa_v2_component,valid,istockphoto-517415584-1024x1024_jpg.rf.f6313d2c22abae806fae002b525bd31d.jpg,valid/labels/istockphoto-517415584-1024x1024_jpg.rf.f6313d2c22abae806fae002b525bd31d.txt,517415584,dce260d31871ad853f0a1b08abaaa35ece2a9c75722ca0e50ecb87d95ee8a7d5,8,0,no
valid,stallion_000151.jpg,stallion_000151.txt,640,640,sofa_v2_old,valid,1145_jpg.rf.2abe22be7101ea59b82914b47dc393f8.jpg,valid/labels/1145_jpg.rf.2abe22be7101ea59b82914b47dc393f8.txt,1145_jpg.rf.2abe22be7101ea59b82914b47dc393f8,5632bfc39f7eea63704db2620e3493fddef5fd6c7bd038295ded393750411b4d,10,0,no
valid,stallion_000152.jpg,stallion_000152.txt,640,640,sofa_v2_old,valid,684_jpg.rf.5ff5fbc459250e7b69e53cc2788f79aa.jpg,valid/labels/684_jpg.rf.5ff5fbc459250e7b69e53cc2788f79aa.txt,684_jpg.rf.5ff5fbc459250e7b69e53cc2788f79aa,32fbbe4c77e8a31fa79f77d3b4c4c5b996ab84742957cb54003fd417f9a741a3,10,0,no
valid,stallion_000153.jpg,stallion_000153.txt,640,640,sofa_v2_old,valid,811_jpg.rf.96e2eb006a71a8a98d238833a8c11c43.jpg,valid/labels/811_jpg.rf.96e2eb006a71a8a98d238833a8c11c43.txt,811_jpg.rf.96e2eb006a71a8a98d238833a8c11c43,ef35438c77afb98a96164a54eca1d6e71f4d1678faf8b6561c93f44c054ec0c0,10,0,no
valid,stallion_000154.jpg,stallion_000154.txt,640,640,sofa_v3,valid,istockphoto-1001827626-1024x1024_jpg.rf.3cc957ddfe400f9106ee9ebb4563aece.jpg,valid/labels/istockphoto-1001827626-1024x1024_jpg.rf.3cc957ddfe400f9106ee9ebb4563aece.txt,1001827626,6e4ab2ff6d105351d59140afc33d48d9d39736fd0a61ab311bfe0a763d3ad479,5,0,no
valid,stallion_000155.jpg,stallion_000155.txt,640,640,sofa_v3,valid,istockphoto-540855918-1024x1024-1-_jpg.rf.a5fc582106087e9b0f619294e7f3a01e.jpg,valid/labels/istockphoto-540855918-1024x1024-1-_jpg.rf.a5fc582106087e9b0f619294e7f3a01e.txt,540855918,64474ae04e13e19af9e3f2de1da76799a63874d07ca053d205ff51ec1ae1570d,7,0,no
valid,stallion_000156.jpg,stallion_000156.txt,640,640,sofa_v2_old,valid,1340_jpg.rf.f9807f8e39add1b7b5d5e74758257091.jpg,valid/labels/1340_jpg.rf.f9807f8e39add1b7b5d5e74758257091.txt,1340_jpg.rf.f9807f8e39add1b7b5d5e74758257091,e03400f309be4ea40b9cec5b3d7fc86c774cb961324ca3a323f9a0a58e50e0fe,8,0,no
valid,stallion_000157.jpg,stallion_000157.txt,640,640,sofa_v3,valid,istockphoto-2170116371-1024x1024_jpg.rf.71470b30b348167211ae1673ef809861.jpg,valid/labels/istockphoto-2170116371-1024x1024_jpg.rf.71470b30b348167211ae1673ef809861.txt,2170116371,f53a783ecb79a38a188cdd752534359d13622214922b09b8b81c8ee50e93a2fb,10,0,no
valid,stallion_000158.jpg,stallion_000158.txt,640,640,sofa_v3,valid,istockphoto-516424536-1024x1024_jpg.rf.0bc3e418290cedbe492276ebcb2b9780.jpg,valid/labels/istockphoto-516424536-1024x1024_jpg.rf.0bc3e418290cedbe492276ebcb2b9780.txt,516424536,aaf67f951da129440bfb8cf82b3ca541877ed28c75c002900a02dea9df8bcbaf,7,0,no
